name,day,month,year,time of year,rating,comment,detailedReview
Ashwini Singhania,6,January,2018,January 2018,5,Must Have,Excellent Product. Has all the right things in it. Perfect in taste and a great healthy option.
MARS,14,January,2018,January 2018,5,I liked it for testier brakfast...,I liked it for testier brakfast...
Beauty Sharma,27,January,2018,January 2018,5,Five Stars,value for money & healthy option
Bappa,28,January,2018,January 2018,5,Five Stars,ok
Chandra,8,February,2018,February 2018,5,Five Stars,Very healthy and tasty...
vartika sinha,8,February,2018,February 2018,1,One Star,The packing was opened.
PURNA CHAND L,22,February,2018,February 2018,5,Five Stars,Nice
Dr. Ajay Talwar,15,March,2018,March 2018,5,Good price and quality,Good price and quality
AV,18,March,2018,March 2018,5,Five Stars,I luv it
RamyaGeetha,31,March,2018,March 2018,4,Four Stars,Good
priyanka banik,2,April,2018,April 2018,5,Five Stars,Good
Asha Bharambe,3,April,2018,April 2018,5,Amazing... Tasty and Healthy,"This is an amazing product from Kellogg's as always... tasty and healthy blend together... of Muesli, fruits and nuts."
PEERMOHAMAD A,5,April,2018,April 2018,5,Five Stars,Good taste
Tapaswini,16,April,2018,April 2018,1,Received open packet. Cheating to customer. Should be ...,Received open packet.Very Very Bad. Cheating to customer. Should be eligible for Zero star.
Harneet,19,April,2018,April 2018,3,Average taste,"I don't like it much
Just okayish for me"
Abhilash Bhatt,23,April,2018,April 2018,4,Four Stars,its ok... corn flacks quantity too much
HKJS,30,April,2018,April 2018,5,Good,Must buy product
rajni,1,May,2018,May 2018,2,Very bad experience with this,Very bad experience with this. Really bad. I got insects in my pack when I had it in my bowl of milk. I checked and thorough out the whole pack in bin.
Serenity,6,May,2018,May 2018,4,Four Stars,Tastes good. But I was surprised at how thin they can slice almonds. Didn't know it was possible.
Sudipa,22,May,2018,May 2018,5,Awesome!!,Awesome!!!!!....those who don't like cornflakes should give it a try because its (muesli) taste is far better than the regular one....I just love to have it for breakfast...
Sunil Sharma,24,May,2018,May 2018,5,Tasty,I love it. The taste is very delicious.
ARWIND MODI,4,June,2018,June 2018,5,Five Stars,Good
Prasad,9,June,2018,June 2018,1,Very bad behavior,Very bad
Amazon Customer,10,June,2018,June 2018,5,Very Good Product,Must try producy
Manish Mandal,11,June,2018,June 2018,3,Three Stars,"okay, could have been better"
Chandrashis Das,13,June,2018,June 2018,5,Value for money,Super product and lightning fast delivery..
Kalyan,21,June,2018,June 2018,5,Good product.,Good product.
Mithun,30,June,2018,June 2018,5,Awesome & Tasty muesli - go for it,This is really awesome...tasty muesli..I have tried Bagrry's crunchy muesli with oats but its tasteless when you mix it with milk..This is bit sweet and tastier than other muesli..go for Baggry (you may need honey to be added separately for the taste) if you are a strict diet follower if not try Kellogg's Fruit & nut - its just awesome & you wont regret..
Vishwanath,1,July,2018,July 2018,5,Good quality but price should be little less,I bought this product and used same product from Patanjali too. I think why to pay more if we are getting same product in less prize
venkatesh,4,July,2018,July 2018,5,Five Stars,very tasty
amit singh,5,July,2018,July 2018,1,Damage Product,Got Damage product. Seal is already broken and they tapped it.
D.M,9,July,2018,July 2018,5,More than met with my expectations,"Was lovely & so tasty. I had it plain.
Not a cornflakes person at all.

Confession: the crunchiness was liked by my lil pup too.üòä"
Rakhi,11,July,2018,July 2018,2,Carton received torn open,The carton received was torn open. Bad experience.
a ratna kishore,12,July,2018,July 2018,4,Four Stars,good for breakfast. I love to buy again.
supritha,13,July,2018,July 2018,5,Yummy yumm,Yummy yumm
SUSHIL KUMAR AHUJA,14,July,2018,July 2018,5,Tasty healthy morning food,Soft & tasty
Sharad,17,July,2018,July 2018,5,Five Stars,good. No issues.
Poonam,30,July,2018,July 2018,5,Five Stars,My daughter love it.... It is very healthy breakfast for kids
Lilly456,30,July,2018,July 2018,1,Not worthy,"Just one word, no. If you want to buy muesli try some other brand."
Pratima Katoch,4,August,2018,August 2018,5,Healthy fruit and nuts..fresh and quality product by amazon,Like it..nuts r really awesome
shrijita das,5,August,2018,August 2018,5,Nice product,Tasty full of nuts and dried candied fruits!
CK,17,August,2018,August 2018,5,Healthy and tasty,Crunchy healthy and tasty!! Like it
Jason C.,20,August,2018,August 2018,5,Five Stars,Fantastic experience
Krishnan Subbarman,27,August,2018,August 2018,5,Five Stars,Nutritious and great taste
Peerooz,29,August,2018,August 2018,5,Economical,Value for money
PAKHI er AAKASH,29,August,2018,August 2018,5,Good,Good Product
Avanit K.,1,September,2018,September 2018,3,Three Stars,"Some how lacks fruit and nuts, only flacks"
Shanky,7,September,2018,September 2018,5,My favourite Muesli,"This one is the best Muesli and everyone at home likes it the most. There is a Nuts flavour as well but that's not sweet enough for the kids. And the fruit flavour does not have healthy nuts. So this is the best blend.
So glad to find it on Amazon. Got it very well packed and Muesli was so fresh as well."
Meghna Basu,9,September,2018,September 2018,4,Good taste,Good for start a morning
Anubhav,12,September,2018,September 2018,5,Good for health,Loved it
Dheeraj,24,September,2018,September 2018,5,Good product from Kelloggs and timely delivery from amazon,Good. Product from kelloggs
AEL,4,October,2018,October 2018,4,Good stuff but there is better and more original Muesli out there ...,"This Kelloggs product, like all Kelloggs products is of good quality but I think that other grains or roughage should be increased and the 'processed' flake content should be reduced.
It is after all being called a Muesli, which in Europe (where the concept originates) never contains processed flakes.

A great product to compare this with is Alpen Muesli (used to be a Weetabix product, I think but is now just ""Alpen"")."
Goutham Reddy,6,October,2018,October 2018,5,Five Stars,Good for breakfast
Amazon Customer,6,October,2018,October 2018,5,Good one,I am eating since launched and must try
avirag,6,October,2018,October 2018,5,good,superbb for breakfast
Thomas Thambi,10,October,2018,October 2018,5,It's good,Nothing to dislike
Amazon Customer,14,October,2018,October 2018,4,Muesli,Good stuff though a bit too powdery
aditya,16,October,2018,October 2018,5,Awesome,"Good ,worth a try"
Kapil,19,October,2018,October 2018,5,Thanks,Nice
jayashree,20,October,2018,October 2018,5,Must buy,Best product I ordered it twice very healthy n worth for Price.
Amazon Customer,20,October,2018,October 2018,5,Good,Good taste
Vishnu Gawade,20,October,2018,October 2018,5,Good,Good
Anuja,25,October,2018,October 2018,1,Open box,This is how I received the product.
Rahul R.,26,October,2018,October 2018,5,Breakfast essential,Wotth money
Akash Panday,29,October,2018,October 2018,5,Great deal,Good discount received
Karthikeyan,4,November,2018,November 2018,5,Tasty quick snack. Little healthy too,Tasty quick snack. Little healthy too
I Love Mecca,10,November,2018,November 2018,5,Given to my father who is 67 years old and he really liked it.,This Muesli has given a smile of my old fathers face and this is the reason I like it. Thank You Kellogs. Amazon has very decent delivery staff!
Roopesh Kumar.B,10,November,2018,November 2018,5,Good,Good
Amazon Customer,10,November,2018,November 2018,5,Good,Good
Prathamesh Bagave,11,November,2018,November 2018,5,good quality product,good quality product
C Das,11,November,2018,November 2018,5,Nice,Nice
sathish,17,November,2018,November 2018,1,Package is open n torn,Package seal is open n torn and it is not returnable also.
Pronnoy Chandra,18,November,2018,November 2018,4,Healthy,Healthy but Taste is so so. Granola tastes better.
Rahul Singh,19,November,2018,November 2018,5,Healthy breakfast,The taste is gud and comes with fruits and nuts. That is rich. Really love this product.
Amazon Customer,20,November,2018,November 2018,1,Dont buy,I would have zero star rating if there is an optn to do so..it is more of cornflakes and less of museli..bagry's museli is best..
Sachin Tribhuvan,4,December,2018,December 2018,5,Awesome,One of my favourite breakfast. Packed well.
SK,8,December,2018,December 2018,1,Different product received,Incorrect product was packed and despatched
Ak,9,December,2018,December 2018,5,Good,Ass uasal
tamanna malik,10,December,2018,December 2018,5,Hassle free,"Love the products were on time,packed nicely , all genuine , easy , huge discounts , and hassle free. Thanks Amazon xoxo"
Kndm,16,December,2018,December 2018,1,Disappointed,It's nothing like the Kellogg's crunchy muselli that I used to buy abroad... Even though it's the same product ! ... Very disappointing
sagar kulkarni,17,December,2018,December 2018,5,Nice,Nice
Sallu Hunk,20,December,2018,December 2018,1,Damaged box and seal broken.,The box is damaged and the packet inside is opened. It has a cut on the side and the contents are all over inside the box.
Malvika T.,20,December,2018,December 2018,5,Good,Good. Packing bad was nice
RajG,30,December,2018,December 2018,3,Ok,Ok
Ranjit S.,30,December,2018,December 2018,5,Good Quality,Quality and reasonable Price
Siddhi Gupta,4,January,2019,January 2019,1,Product already opened,The product that I received was already open. And its coming under the category of 'non-returnable'. Very poor.
Anna Antony,5,January,2019,January 2019,5,good,good
Nikhil,8,January,2019,January 2019,5,Good product,Amazing way to kick start your day
soni gupta,13,January,2019,January 2019,1,Seal broken,"I got the package with broken seal of muesli
It was in very bad condition"
sumeet kumar,14,January,2019,January 2019,5,Good,Excellent
Mannan Khambati,17,January,2019,January 2019,5,Great,Great
The Foody Journal,18,January,2019,January 2019,4,Yummy,"Our favourite breakfast item! No mushy texture of oats, no high sugar like most cereals...it falls somewhere between. Thoda health. Thoda taste"
Sicilian _sharpshooter,21,January,2019,January 2019,1,"Fruit and Nuts? No nuts, 5 fruits, and 2 raisins. Counted.","5 Fruits, 2 nuts, and this is Muesli Crunchy Fruit and Nut? Since when? Are you people takings us as stupid? Paid INR150 . Not worth INR50."
satheesh_Kumar,24,January,2019,January 2019,5,Excellent breakfast meal for kids.,I ordered this product for my baby. He loves to eat it. Excellent replacement for breakfast.
Asifraheman,26,January,2019,January 2019,5,Healthy,Gud
Saswat Nanda,27,January,2019,January 2019,4,Gaia is better,Gaia is better
dharsini,30,January,2019,January 2019,5,good,its very taste and filling.. i like it very much .
Leenus Jesu Martin,11,February,2019,February 2019,5,Fresh pack,Received a fresh pack. It is a favourite breakfast time for me. Fresh undamaged pack was delivered.
rohaan shaikh,12,February,2019,February 2019,4,Not extremely delicous .. just like ur usual muesli .. it is not completely natural,Okayish
Asha Achar,18,February,2019,February 2019,5,Tasty and go for it,Very tasty and crunchy. My personal fav too
Sushil,23,February,2019,February 2019,5,Nice Product. Tasty and healthy ü•£üòã,package is good. Nice Product. Kellogg's Muesli is very nice and tasty.
Kanak C.,25,February,2019,February 2019,5,Excellent product !,"Excellent !
Excellent product of Kellogg's !
We all like/love it !
Healthy and testy !!!"
Priya Sharma,26,February,2019,February 2019,4,Good,Good
Sandhya s,26,February,2019,February 2019,5,Muesli,It's good
neena,27,February,2019,February 2019,2,Quality of product, It was a packet of fruit and nuts muslie but it didn't contain nuts with a few fruits and more like a packet of cornflakes.it was a crushed mixture.
Customer,28,February,2019,February 2019,5,Good,Nice
P.Raju,5,March,2019,March 2019,2,"This is not Muesli, rather Cornflakes","This is no way close to anything called as Muesli. In fact, it's a pack of Corn flakes with some fruits and nuts (hardly 1 to 2%). Can't believe a brand like Kellogg's is trying to cheat its customers charging high price by selling corn flakes in the name of Muesli. Not recommended !!
(PS : Having eaten Muesli in Europe for nearly 5 years I know exactly what it should contain)"
"Mrs. D'Silva, Mangalore, Karnataka",7,March,2019,March 2019,5,Super tasty,Delicious I loved it
rahul surve,7,March,2019,March 2019,5,Healthy and rich of nutrients,its a good product ... worth buying
Nandini,9,March,2019,March 2019,1,Damaged box n cover,Box was opened
Manoj Deulkar,10,March,2019,March 2019,5,Fresh,Best
Manish Choudhary,13,March,2019,March 2019,5,Bought again,Good packaging and fresh pantry
pranshul jain,16,March,2019,March 2019,5,So tasty,They are good
Amazon Customer,19,March,2019,March 2019,5,Go for it,Nice
B. D,23,March,2019,March 2019,5,Tasty,Tasty
Bhasker R,24,March,2019,March 2019,5,Nice,"Nice product, good for health"
Amazon_Cust,29,March,2019,March 2019,3,Price is little High,Taste is ok type
Jyoti Gupta,31,March,2019,March 2019,4,Value for money,Tastes good
customer,1,April,2019,April 2019,5,like it,i like it with both hot and cold milk. its quite nice
Jasmon Sharon Serrao,1,April,2019,April 2019,4,Nice product,Nice product
dhava,6,April,2019,April 2019,3,I am disappointed,Last time i brought this same ...it was soo gud..but this time it is full of corn flakes..other things are soo less..
Harshad,7,April,2019,April 2019,2,Opened box product with more cornflakes in it,"I ordered this product as part of Amazo Pantry. When received I noticed the box was opened while the inner packet was intact. In general, the Kellog's Muesli comes with combination of nuts, muesli and cornflakes.

To my surprise, once I opened the box, I could see that the content of the packages had only nuts and cornflakes with muesli almost non-existent. Too bad from Kellogg's."
Brijesh,8,April,2019,April 2019,1,Worms in Packet,There were worms in the packet. Be careful while eating.
Gus,9,April,2019,April 2019,5,Really good,Liked it more than other brands'
SATEESH SINGH,12,April,2019,April 2019,1,Damage packet,"Received damage/open packet,

Please collect and replace it"
Amazon Customer,22,April,2019,April 2019,5,Great product,Taste is also very good.
Kkunal jain,24,April,2019,April 2019,5,Good product,"Nice flavour, awesome taste!!!"
Jyoti kumari,5,May,2019,May 2019,5,Good to purchase,"Like the taste,love the flavour."
Senthil K.,19,May,2019,May 2019,1,Cereal was nearly at the end of shelf life.,"Item delivered was nearly at the end of its shelf life and so was not good to taste, especially the almond flakes in it."
Abhishek,21,May,2019,May 2019,4,Nic e,Great
Rizwana kanchwala,22,May,2019,May 2019,5,Healthy,Excellent
Chanakya sharma,26,May,2019,May 2019,1,Insect in packing,Found insect in tht packing
Dev,30,May,2019,May 2019,5,Simply the best option,"Taste is quite good, However the new Kellogg's granola is very tasty."
Sindhu,31,May,2019,May 2019,5,Tastes good.,Healthy.
Shilpa K R,2,June,2019,June 2019,1,The packet was cut opened,Utter nonsense.. The pack was in a very bad state and to add to it the pouch was cut opened which is done definitely on purpose.. on what trust can we use the remaining Kellogs.. Very very bad
sandeepsingh,6,June,2019,June 2019,5,Good,Like
Mona sanjay,7,June,2019,June 2019,4,Nice ..,Nice n crips n freah n yummy
Arshad Khan,9,June,2019,June 2019,5,Best breakfast,"This is the best breakfast you can ever have.
I used to add muesli cold milk and some honey. The honey makes a big difference in taste and enhances the taste.
This also contains everything you need in the morning, also has dried fruits in them, some might love the fruits some might just hate it there is no middle ground.

Please press the helpful button if this review helps you."
rohit,11,June,2019,June 2019,5,Tasty,Tasty
Manoj Garg,12,June,2019,June 2019,2,Muesly,Item is not crunchy and does not soak in milk quickly. Fruit bits are tasteless.
Delvin G.,12,June,2019,June 2019,5,Delicious!!!,Awesome to eat with or without milk!
Amazon Customer,16,June,2019,June 2019,5,Nice one,Good
Amazon Customer,16,June,2019,June 2019,2,Too cost get some discount,Too cost
Gaurav singh,16,June,2019,June 2019,5,All is good,Good
Amazon Customer,19,June,2019,June 2019,5,Good product,Very very good quality product . Price can be considered for reduction
REVANTH,27,June,2019,June 2019,5,Tasty and healthy,Nice breakfast cereal
Sanjeev Suri,29,June,2019,June 2019,5,just amazing,best and healthy breakfast
Navdeep Gandhi,1,July,2019,July 2019,5,Mast,Superb taste
Amazon Customer,1,July,2019,July 2019,5,Museli,Healthy breakfast on the go
Soujanya,4,July,2019,July 2019,5,Good one,Good one
Priyanka Saha,8,July,2019,July 2019,5,yummm,love it
Rachel,9,July,2019,July 2019,5,Yummy eat... to start your day with !,Good
s dhawale,10,July,2019,July 2019,4,Good,Good
Chetan,12,July,2019,July 2019,5,Good breakfast,Good breakfast
tanushree,14,July,2019,July 2019,3,ok,ok
rahul Jain,20,July,2019,July 2019,5,good for breakfast as an option..,Organic should be an option..
Seema,23,July,2019,July 2019,1,DON'T BUY.,"There are only corn flakes , no rice, barley etc. Cheating , what you say. Any thing can be sold online."
Srikanth vatti,23,July,2019,July 2019,5,Healthy and tasty,Excellent choice for breakfast.one medium bowl will give 3 to 4 hours energy.suggestable.nuts are too much heavily appear in each sip.its nice
Prasanta,24,July,2019,July 2019,5,v.good,v.good product
Yash,24,July,2019,July 2019,5,Yummy and healthy,Go for it
Supriya,26,July,2019,July 2019,4,Good,"Good taste, can have it without milk"
Jimmy,26,July,2019,July 2019,5,I give 5 star,I like taste
Suhas Patil,27,July,2019,July 2019,4,Good,Love it for breakfast. But seems costly.
Jasbir kaur,27,July,2019,July 2019,5,Good n health,Good
Sonali,31,July,2019,July 2019,5,Perfect thing to Have for Breakfast.,"It's perfect mixture of nuts and fruit gems, It tastes good. You can have it with milk for breakfast or just raw when you get cravings."
Archie,1,August,2019,August 2019,5,Good one !!,I always prefer Kellogg‚Äôs fruit n nuts.Its been favorite breakfast cereal for my family since long time.üëç
Anu,4,August,2019,August 2019,4,tasty,best for your breakfast
Waseem,4,August,2019,August 2019,3,Healthy diet,Taste not good
Amazon Customer,5,August,2019,August 2019,5,Good Product,Good Product
Suresh,5,August,2019,August 2019,5,Good,Good
Bhavanu,6,August,2019,August 2019,3,Its cornflakes not nuesli,"as many ppl saying it is corn flakes ..very less muesli.
i ordered braggeey..u can compare muesli content..i m regular user of muesli by kellogg but after seeing muesli qty in braggerys.. shifted to it..not expected from kellog"
Dharmveer kumar,7,August,2019,August 2019,4,Testy,Very testy
vandana kumar,12,August,2019,August 2019,5,Good purchase,Nice
Ravi,12,August,2019,August 2019,5,good one,good product
Manasi Joshi,13,August,2019,August 2019,2,Too much sugar in the dry fruits used. Also worms formed within a month.,"The dry fruits in it are hardly there. Also, some of the cubed dry fruits are extremely high in sugars. Lastly, within short of a month, worms have formed inside the contents. Unacceptable!!"
Tarun,13,August,2019,August 2019,5,Flavours help me to eat this,Goood flavours
Deepak Gupta,14,August,2019,August 2019,5,Value for money,"Product quality is excellent and
100% genuine item and the price was great on Amazon"
subbarao,14,August,2019,August 2019,4,Good,Good
SKD,14,August,2019,August 2019,4,The best museli,Wonderful beakfast meal
ShivRam Sharma,15,August,2019,August 2019,3,No bed,Like
Rahul Jain,17,August,2019,August 2019,2,Cornflakes would have been a better buy,"This pack invariably contains the same cornflakes just processed with fruit cherries at effective 87% higher price than a normal pack of cornflakes.
The pack that I bought from a brick-and-mortar had better ingredients.
Don‚Äôt buy this from this seller. It felt to be a counterfird
Now decide!"
Amazon Customer,17,August,2019,August 2019,5,Good product,Ideal for snacking between meals without feeling guilty.
Srirupa Ghosh,19,August,2019,August 2019,5,good,makes my breakfast crunchy and yummy
Pallavi,21,August,2019,August 2019,4,Price,Highprice
Himanshu chhabra,22,August,2019,August 2019,4,Try once,Taste is awesome
vicky jagwani,24,August,2019,August 2019,4,Not so good product,Taste is ok but a bit costly
Pawan sai,24,August,2019,August 2019,5,Bshs,Hxhxhdh
uday krishna,30,August,2019,August 2019,3,medcine,ok ok type.
Princee Pathi,3,September,2019,September 2019,5,Great deal!,I have them in my breakfast daily! Healthy and full of nuts! Makes u feel full.
priyanka thapa,3,September,2019,September 2019,5,Great,Very good product
Aman,5,September,2019,September 2019,5,Nice,Delicious taste
Amazon Customer,7,September,2019,September 2019,5,"Crunchy, with great taste!",Crunchier as compared to all other brands.
shubham,9,September,2019,September 2019,5,Good food,Healthy
Yash,10,September,2019,September 2019,1,Packet came cut open,Photos attached.The cereal was all over the bag.Seller not approving my review.
Feroz K.,11,September,2019,September 2019,1,"Don't waste your money,as I wasted after buying it","Don't ever buy this product.
It is very old stock.
The smell and grains are smelling bad"
Ian Gillott,12,September,2019,September 2019,5,Great,Great
Geeta,18,September,2019,September 2019,4,Good,Like flavor
SUPRATIV SAHA,19,September,2019,September 2019,5,Best product at good price.,Great taste. Buy it now.
Rajeev,20,September,2019,September 2019,5,Great,It's great .
Surath Bandyopadhyay,21,September,2019,September 2019,1,Package damaged.,"The package is damaged and inner package open, possibility of damp and damaged. Advice the next course of action."
Saurabh Rai,23,September,2019,September 2019,5,Kellogs muesli best,"Kellogs muesli, the best breakfast of morning.
Generally for office goers. And those who work really hard everyday."
sundar,24,September,2019,September 2019,5,Muesli,Nice flavour and good crunchy kids liked it very much and me to like the way it was
Avi,5,October,2019,October 2019,5,As in shop,Thanks
Amazon Customer,5,October,2019,October 2019,5,good,nice
Swapna,5,October,2019,October 2019,4,Nice,Good product
shikha rathore,5,October,2019,October 2019,5,Go for it!!,Best breakfast
saloni,6,October,2019,October 2019,5,Value of money,Total value of money
Smith,7,October,2019,October 2019,5,Wonderful healthy breakfast,Nice breakfast to have
Gaurav Gandhi,7,October,2019,October 2019,4,Good,Good
SK,8,October,2019,October 2019,5,Searching....,"Yes it is nice taste ,flavour r also good as I have already tasted
But the thing i was worried about the persons who have commented on this that the product is having some insects inside
That was only worried thing .Every time i was searching for that
It was like irritating memory for me..ü§î"
Kabita Prasad,8,October,2019,October 2019,4,Good for heathy breakfast.,Good flavour.
U BHARAT RAJ,8,October,2019,October 2019,4,Quick breakfast,Good
Amazon Customer,9,October,2019,October 2019,5,Awesome,Awesome
Koduru Harika,9,October,2019,October 2019,5,Nice,Nice
pradeep,11,October,2019,October 2019,5,Value for money,Excellent for morning breakfast
Vivek,11,October,2019,October 2019,5,Mast,I always use it
Satish bisht,12,October,2019,October 2019,4,Esme kede pde thy white coler ke khol kr fekna pda feed bak ka pta hota to pic jarur add karta,This product verry bed cundution
Anamika singh,15,October,2019,October 2019,5,Delicious BF for working person,Very tasty and nutritious breakfast for working person.
Rushikesh,16,October,2019,October 2019,4,Super Muesli Brakfast Bowl,"I order this usually. But this time my parcal did not reach to me and after i check on my order it was delivered successful. So i call amazone customer care and tell them what happened. Now issue is solved.
And review about this product is this is my favourite breakfast i like the fruit & nuts flavour it is more taste when i add fresh bananas and cheia seeds."
thivagar,17,October,2019,October 2019,5,Healthy Breakfast,"Good packaging, delivered on time,no damage and the product is good"
Madhavan,18,October,2019,October 2019,1,Not a good move,kellogs pack was opened when it came and can't believe it is real kellogs. Very disappointed
drsumit,18,October,2019,October 2019,5,Quick food,flavour is awesome but Price is bit high
sumit,21,October,2019,October 2019,5,Too much cheap,Too much cheap
Ritobrita Mukhopadhyay,22,October,2019,October 2019,5,Healthy and perfect breakfast,It's just awesome. Everyone loves it in my family. Perfect breakfast solution. Best thing is that fruit pieces are very very tasty.
Punam Ashok Gawade,22,October,2019,October 2019,5,taste good üòã,Nice breakfast üëåüëåüëå
Amazon Customer,24,October,2019,October 2019,1,Small Insects and Red Ants Detected,While opened the box i found small insects and red ants. Strictly No to this product. Dnt make mistake of buying this product.
r kiran chand,26,October,2019,October 2019,4,Choose,Taste is good
Purva patel,26,October,2019,October 2019,1,Don't buy it,Not good
Amazon Customer,28,October,2019,October 2019,5,Good product,Good
DINESHANAND,28,October,2019,October 2019,4,Nice,Good
Amazon Customer,28,October,2019,October 2019,5,Testy breakfast,Beoutiful
Amazon shoper,30,October,2019,October 2019,4,Good healthy,Good
Bp baghel,30,October,2019,October 2019,5,Very fine items for health,Very like
swayamsiddha,3,November,2019,November 2019,5,Good,Good
Sumit Angira,3,November,2019,November 2019,4,Worth to buy,Goodbye taste
K. Popli,3,November,2019,November 2019,5,Great tasting,I bought this for my mom. She absolutely loves it
Akhilesh,3,November,2019,November 2019,5,Best deal,Best deal
T sadik ahamed,4,November,2019,November 2019,5,Very nice,Very nice product for breakfast
Kanoj biswal,6,November,2019,November 2019,5,Must Buy,Crunchy and superb taste
sailusha,7,November,2019,November 2019,5,Too good,Superb worth for money and fast delivery also satisfied
Anjum,9,November,2019,November 2019,5,Awesome for health,Value for money
Bhavika,11,November,2019,November 2019,3,good taste,good
Meghana,11,November,2019,November 2019,5,Tasty,Taste is good
Amazon Customer,11,November,2019,November 2019,1,Do not buy,Do not buy
Sarthak,13,November,2019,November 2019,5,Bad,It‚Äôs bad because I have ordered two packets of Kellogg‚Äôs muesli crunchy fruits and nuts but I have received only one pack I had payed money for two
Stephen Wright,13,November,2019,November 2019,5,good start to the day,Excellent
Sayantan M.,19,November,2019,November 2019,4,Ok,Ok
Gyanendra Sinha,20,November,2019,November 2019,3,Nil,Nil
Bijaya Das,20,November,2019,November 2019,5,ü§©,Nice test
Mustufa,21,November,2019,November 2019,5,Good,"Nice I like

üèÖ"
ripul gupta,21,November,2019,November 2019,5,Very Tasty,It's yum & good for breakfast üòäüëç
Amazon Customer,25,November,2019,November 2019,4,Superb,I like This dress
Amazon Customer,26,November,2019,November 2019,1,Kellogg‚Äôs packer not sealed,The packet was not sealed and the product was lying outside of the product
Swati Majumder,29,November,2019,November 2019,4,Kellogg's,Like
Kajal Mittal,2,December,2019,December 2019,5,Good in taste,Better than other products...
Needs,6,December,2019,December 2019,4,Best price offer for said product.,Value for money.
Pranay,6,December,2019,December 2019,5,Good,Good
Kiran Kumar,9,December,2019,December 2019,5,Fantastic product,Everything fantastic
Anand singh shekhawat,12,December,2019,December 2019,1,Received open packet....,Received open packet...
Alex,15,December,2019,December 2019,5,Eat fit,Good product with healthy brkfst
Amazon Customer,20,December,2019,December 2019,5,Good product,Good stuff
Milton Cliffy,21,December,2019,December 2019,5,Very good,Very good
Swagatika Mohanty,21,December,2019,December 2019,5,Tasty,Value for money
Sanjeev Soni,25,December,2019,December 2019,5,Healthy and tasty,Better than other company cereals.
Shimul D.,1,January,2020,January 2020,4,ok produect,I feel quality less than before
Amazon Customer,3,January,2020,January 2020,5,Tasty,Our daily breakfast now a days. Love the taste when mixed with milk. Actual price is Rs 300 but in Amazon pantry only Rs 250. Thank you so much for the discount.
Amazon Customer,7,January,2020,January 2020,1,Damaged product receives,Received packet in damaged condition
rohit gulyani,13,January,2020,January 2020,4,Nice,"Nice,sugar is lil high"
pradeep joshi,13,January,2020,January 2020,5,Testy breakfast,Nice quality product
Janaki Dinakar,13,January,2020,January 2020,2,Lots of cornflakes,Lots of cornflakes. Not worth buying.
ade,17,January,2020,January 2020,1,Not worth compared to market product..,No mueseli and no fruits nor much almonds... lot of difference in what you get in the market.. same price tho..
Pramod Kumar,23,January,2020,January 2020,5,For everyone.,Nutritious .
ankur,24,January,2020,January 2020,4,Nice and scrumptious!,"Have been using this for way too long, still one of the best muesli available in India."
Kiran Chavan,27,January,2020,January 2020,1,Worst taste,Did not like the taste
Rekha Mohan,29,January,2020,January 2020,5,Good,My kids like it.
Amazon Customer,31,January,2020,January 2020,5,Great Breakfast Alternative,Best for people on diet..healthy breakfast
S B,2,February,2020,February 2020,5,Fine,"Bit costly, else it's fine"
N S.,3,February,2020,February 2020,4,Tasty cereal from Kellogg's.,"Tasty breakfast cereal. A bit expensive at the MRP, however, worth it at the discounted price."
Amazon Customer,11,February,2020,February 2020,5,Good,Good
anirudh Verma,13,February,2020,February 2020,2,Duplicate product,Seems like the product is duplicate as we do not see and Berry's in the packet
Vignesh,16,February,2020,February 2020,5,Good,Good
Amazon Customer,18,February,2020,February 2020,5,Nice product for diet,Tastes awesome
Manmay Rout,18,February,2020,February 2020,4,Good,Good and healthy
Bhavya Manasa,18,February,2020,February 2020,5,Good,Flavor
Amazon Customer,24,February,2020,February 2020,1,Insects in the Muesli,There are insects in the muesli
Amazon Customer,28,February,2020,February 2020,4,V good,Good Sugar free product
Balamurugan. d,1,March,2020,March 2020,4,Good,Nothing
Adrita Biswas,1,March,2020,March 2020,5,Good,Good
Bhavanu,1,March,2020,March 2020,2,Fake muesli more cornflakes,"Compare to baggry check ingredients carefully.
Its name muesli but it has 30%+ cornflakes.
Cereal is not for taste ..this product is misleading. Compare n see for urself the amount of corn flakes muesli nuts etc.."
Babu Yelamanchili,2,March,2020,March 2020,5,Bigger is cheaper,Value for money pk
Cliente Amazon,2,March,2020,March 2020,5,Excellent,Tasty n nutty
Shalabh dhumal,2,March,2020,March 2020,5,Tasty,Good and tasty....
KINJAL THAKKAR,3,March,2020,March 2020,5,Good,Good
SV,4,March,2020,March 2020,1,Not happy,Patanjali is better. Has more dry fruits
Amazon Customer,4,March,2020,March 2020,3,Not enough fruit & nuts,"Disappointing, mostly just corn and some bran flakes, too little fruit and nuts to be called muesli!"
Aditya Agrawal,4,March,2020,March 2020,5,Overall good experience,Good packaging and good taste.
Amazon Customer,4,March,2020,March 2020,5,Healthy,Super tasty and healthy
Sanket Senapati,6,March,2020,March 2020,5,Is prroduct value for money ?? My. Ans is yes..,I love the teste. If any one have any other query you can ask me freely..
Rakesh Das,7,March,2020,March 2020,5,Good,Very tasty. Different from Normal Cornflakes.
Amazon Customer,7,March,2020,March 2020,5,Good beeakfast cereal,I always but it on sale so at that price its very amazing.
raviteja,7,March,2020,March 2020,3,Taste,Taste was not good
Suberna r.,7,March,2020,March 2020,1,Not good,Very bad
Amazon Customer,7,March,2020,March 2020,5,Good,Good
Ankit,8,March,2020,March 2020,5,Value for money,Good & Healthy
Sid,9,March,2020,March 2020,4,Tasty,Flavor
JEHAN,14,March,2020,March 2020,2,Useless product,You people could have mentioned that as corn flakes rather than saying muesli. If you want actual muesli please buy baggrys.
Gagan Mehta,19,March,2020,March 2020,4,Good,Awsome
Yvonne Furtado,14,April,2020,April 2020,4,Lots of fruit. Okay.,Some dryfruit not very fresh (but not bad).
Vijay runganadhan,4,May,2020,May 2020,4,product availability.,Should have had more raisins and dried fruit.
Sachin,6,May,2020,May 2020,5,It has sugars,IT CONTAINS SUGAR !! In capital
savitha,6,May,2020,May 2020,5,Thumbs up,Love love love this item
Pratibha Palguna,9,May,2020,May 2020,4,Nice product,It's nice and kinda unique flavour
Debojyoti C.,11,May,2020,May 2020,5,Excellent,Nice product
Gargi Sood,13,May,2020,May 2020,5,Fast Delivery,Fast delivery as expected by Amazon but not got expected discount. Every thing is fine.
Nikhil H.,14,May,2020,May 2020,5,Cost is high,"The taste is good but not as I expected
If u want a healthy breakfast go with this."
Lakshmi Santosh Tiwari,15,May,2020,May 2020,4,Healthy and Quick,good
Poojs,16,May,2020,May 2020,5,Museli,Good healthiest
b.vijayakumar,16,May,2020,May 2020,4,Value for money,Product is value for money
Angan Dey,17,May,2020,May 2020,5,Very tasty and good delivery service,This is very tasty.. you can eat it just like that.
sumanta,17,May,2020,May 2020,2,Waste of money,"Product is not that good ....no dry fruits ,not value for money."
Ranendra N.,17,May,2020,May 2020,4,Good,Good
Amazon Customer,18,May,2020,May 2020,1,The packet came open.,"The rwfill pack of 750 gm came open. Found a sharp cut of 3 inches on the opening line inside the fold as in the photo. And this item is not refundable. The thing must have been tampered before packing inside the cardboard, which was intact."
Long-term Customer,18,May,2020,May 2020,5,Excellent nutrition,Rich in fruits. Excellent taste. This is indeed a wholesome nutrition
Lily,18,May,2020,May 2020,5,well balanced,its nutritious and wholesome.
pratul,19,May,2020,May 2020,4,quantity of Muesli ?,I contains more other items than Museli . Price is also on higher side.
Tintumon :),20,May,2020,May 2020,4,Good one,Good one . Found it very tasty
Bhavesh Vaswani,20,May,2020,May 2020,5,Perfect!,Everything was perfect
MANASI J.,21,May,2020,May 2020,5,Awesome,Everybody loved it
Satya Prakash Sinha,21,May,2020,May 2020,5,Very nice experience,It's truly good
gayathri nagarajan,22,May,2020,May 2020,5,Favourite,Beautiful product
Manmohan T.,27,May,2020,May 2020,5,Good breakfast/snack,Wonderful breakfast. Quite nutritious and this pack will last for a decent while.
Shaji,27,May,2020,May 2020,4,Good product,It‚Äôs a good product
Suman Semwal,28,May,2020,May 2020,2,Fake item,Looked fake
Pampa,31,May,2020,May 2020,5,üëåüëå,üëåüëåüëåüëå
Raj,3,June,2020,June 2020,5,Best,Good
UNNATI KSHETRIYA,4,June,2020,June 2020,4,Must buy product üòã,Very nice product it's yummy full off nuts n fruits ü•∞üòã
Amazon Customer,5,June,2020,June 2020,5,Quality,Very good product. Really crunchy. But expect more but inside when it says 21% of fruit and nut.
Vishu,5,June,2020,June 2020,5,Best as always,Best as always
Pravinkumar,7,June,2020,June 2020,5,Healthy and tasty,Kellogg's is always best
Marina Mendes,7,June,2020,June 2020,5,Product is good n tasty but the packet delivered had a whole.,Packet had a whole in it.
Utkarsh B Pokharkar,8,June,2020,June 2020,5,Best for diet,Best
Sunjay Raam,10,June,2020,June 2020,5,Product Packaging Faulty Not Product Quality & Amazon Delivery,"Ordered 3 Kellogs Muesli & 1 out of 3 was open and dot spill all inside the carton. The Carton box was good, no tampering or shape out but fault with product package sealing."
Amazon Customer,10,June,2020,June 2020,4,packaging and quality of product,Like the taste and it is quite feeling . But the packaging may be improved for long storage with Zip Lock
Sara,10,June,2020,June 2020,5,As expected,Product is as expected...however a zip lock on the packet would be handy
Imran,12,June,2020,June 2020,5,My first choice for muesli.,Best !
Akash,13,June,2020,June 2020,3,Not Testy Flavor,I am big fan of Kellogg cornflacks so i thought why not try this new flavour in Museli. I ordered this but after using for a month i am writing this. Flavour is not so good. But if you are working and have less time for breakfast then you should go for this. But i still prefer normal flavour then this fruit and nut.
Dr Arpita Nibedita Rout,13,June,2020,June 2020,5,Liked it,Crunchy and tasty
rohit barnwal,13,June,2020,June 2020,2,Feeling like cornflakes with jam,"Too much fruity, it's definitely not 21% fruit & nut, while its 21% poor sweet fruit flavor,, packaging as usual not good , there should zipper packing for such items."
vini,14,June,2020,June 2020,5,Tasty healthy and crunchy,Flavour tasty packing good reasonable price
Kumar Ravi Ranjan,14,June,2020,June 2020,5,Super product from Kellogg's,Awesome breakfast
Amazon Customer,16,June,2020,June 2020,5,Value for Money,Value for money
Debolina,19,June,2020,June 2020,5,My personal favorite,The best Wholesome healthy meal! ‚ù§
Vishnu,19,June,2020,June 2020,4,Good,As expected
dhruv,20,June,2020,June 2020,4,Tasty and crunchy,Amazon packaging and delivery is very good. This product is good in taste but a bit costlier compared with other brands.
M Ebenezer,20,June,2020,June 2020,1,Received opened pack,I have received an opened pack
Kamaljit Singh,21,June,2020,June 2020,4,All over product is good,No more less in price
Durga prasad,21,June,2020,June 2020,5,Delicious,.‚Ä¢‚ô´‚Ä¢‚ô¨‚Ä¢üëç‚Ä¢‚ô¨‚Ä¢‚ô´‚Ä¢.
Saif,21,June,2020,June 2020,5,Value for Money nutritious product,must have for breakfast
Amazon Customer,22,June,2020,June 2020,3,Tasty but difficult to chew,"It is tasty but the dehydrated/candied fruits can be a problem. It remains hard even after leaving it to soak in milk/curd for a while.
This can be a problem for people with dental issues like tooth caps, braces and temporary fillings."
Juned Saiyad,22,June,2020,June 2020,2,Not buying again,"1. Most corn flakes are not healthy at all. They contain too much carbohydrate. Aprox 60 percent.

2.Package saying 21% fruit and seeds. But its mainly cornflakes and only little fruits and seeds.

If you want better alternative, having vetter taste, with more fruits and seeds and little less carbohydrate then try Yogabar‚Äôs Museli+"
James Deen,23,June,2020,June 2020,5,I am easily amuesli-d,"Before I bought Kellogg‚Äôs Muesli I was just a man. A regular man with no hopes or dreams. Now after buying it, I am the same. That‚Äôs why this gets maximum rating from me. Don‚Äôt be misled by advertising guys."
Puneet Soral,24,June,2020,June 2020,4,Okok,It was not very crunchy
subramanian venkatachalam,24,June,2020,June 2020,5,Classic Kellogg's Muesli,"I love muesli, good packaging and great taste as always."
Piyush D.,25,June,2020,June 2020,2,Hardly any musli,"It's just full of corn flakes and a few nuts, there is hardly any musli in there."
Sanghita samanta,28,June,2020,June 2020,4,Good one,Good one
Tushar More,28,June,2020,June 2020,1,Not Muesli....,This is not Muesli..Please stop cheating people.I lived in Australia and had ate muesli which is completely different.
Jason Mendes,28,June,2020,June 2020,5,Kellogg's Muesli,Good product. Taste good too.
Madhavi k.,29,June,2020,June 2020,5,Love it,Love the taste packing is superb
Sonu,30,June,2020,June 2020,5,Good product,Good for breakfast.
RAJ R.,30,June,2020,June 2020,5,üíïHealthy breakfast ü•£,Healthy breakfast. Very good flavor. Nice packaging. Excellent taste with fruits. Value for money.
Aakash Yadav,1,July,2020,July 2020,5,Quality is as expected from Amazon..,Never received bad quality products from Amazon.. satisfied with my purchase..
Bhadra,2,July,2020,July 2020,5,"Yummy, Crunchy. Healthy.",Has added a zing to our mornings. Go for it.
Rmenon,3,July,2020,July 2020,3,Brand pricing..not worthy,More of cornflakes and less of others ... price too high for the brand
Amazon Customer,3,July,2020,July 2020,5,Good,üòç
sunny saurav jamuar,4,July,2020,July 2020,5,Good breakfast,"A great way to start your day
Full of fiber and fruits
Only concern is that to reduce price company has added too much conflacks in it"
Ravina,5,July,2020,July 2020,5,Yummy üòã,Good
SIRIPURAM SAI BHARADWAJ,5,July,2020,July 2020,5,Must buy,Excellent packaging. Original product. Price less than MRP
KANHOJI,7,July,2020,July 2020,4,HAVE A DELICIOUS BREAKFAST üòã,Delicious with a very good flavor. Packaging is also good. Little bit of high price
Amazon Customer,7,July,2020,July 2020,5,Healthy Meal,"Best combination of Muesli, furits and Nuts. Great morning or evening meal, it fulfills all the body requirments"
kartika,8,July,2020,July 2020,1,"Artificial sweeter, no fruit inside. Sweet candies. 21% is misleading.",Very bad quality. INFACT this product is unheslthy and should not be consumed. There is no fruits inside. What you get is flavoured candies. Full of sugar. I would strongly discourage everyone to not buy this product. Expecially if you are thinking to eat healthy.
MD.IMDAD UDDIN,9,July,2020,July 2020,5,lovely item,lovely product
NOVEL SARAI,10,July,2020,July 2020,1,misguided description,Ok products
Sarah Mesquita,11,July,2020,July 2020,5,Happy Customer!,"So happy with the quantity! Big fan of muesli, Kellogg's does not disappoint. Thank you Amazon for making this available for me!"
S. T.,12,July,2020,July 2020,1,Will cause sugar rush.,Sugar content is way too high.
Priyanka Sarang,12,July,2020,July 2020,4,For immediate breakfast need,Nice and crunchy. Good to have with milk
Lovinda,13,July,2020,July 2020,5,Product,Good Product
Rachel Varghese,13,July,2020,July 2020,5,Tasty,Healthy and tasty
Nymphea,14,July,2020,July 2020,4,Added sugar,"Tastes fine. But for a muesli, too much sugar added."
Amazon Customer,14,July,2020,July 2020,4,Taste,It's taste not so bad if u eat with milk
Somashree Daschakraborty,15,July,2020,July 2020,5,I like the taste of the food.,Good for health.
Puneet Mishra,17,July,2020,July 2020,5,Muesli,"Lovely I prefer this daily, it taste yummy. Thanks for this flavour"
Sara,17,July,2020,July 2020,4,Muesli is expensive ... just by adding the word nuts it becomes more expensive.,The nuts were few for the price
harshit jain,17,July,2020,July 2020,1,Sealed broken,Already opened....what to do...
ARJIT GAUTAM,19,July,2020,July 2020,1,95 PERCENT CORN FLAKESüò°....0 PERCENT MEUSLIüò°,"HONESTLY SPEAKING, these are not real meusli but 95 percent of corn flakes. VERY DISSAPPOINTED. There are some dried form of fruits and chipped almonds but in very minimal quantity."
S K PRIYADARSHI,19,July,2020,July 2020,5,"If you like dry fruits and nuts, you can definitely go for it. Very tasty. My sons like it a lot.",Mast item for breakfast with lots of dry fruits and nuts.
Pravin Patel,19,July,2020,July 2020,5,Healty n tasty,"Good one my kids like it, best option for breakfast times"
Sunil sood,19,July,2020,July 2020,5,Good taste,Good
Pawan Jhalani,20,July,2020,July 2020,5,Breakfast,Very good flavour and best choice for breakfast
Milind Gade,20,July,2020,July 2020,3,Passable,Not my first choice since yoga bar muesli is the best product in Indian market. Somehow Amazon does not offer yoga bar muesli and only Kellogg's & Baggery's products on its platform.
Lakshmi,21,July,2020,July 2020,5,Worth buying,Good even without sugar or honey
Ravi,22,July,2020,July 2020,5,More of corn flakes,Little fruit n dry fruit content. Mire if corn flakes rather than muesli. But there is no alternate chioce
RABINDU DAS,22,July,2020,July 2020,5,Great flavor,"Recommend product, nutritious food with great flavor which consists of dry fruits and multigrain.
Packaging is great and on time delivery."
A. Uday Prakash,22,July,2020,July 2020,5,üëåüëåüëåüëå,üò∂üòõüòãüòÑüòÄüòÜüòä
Rahul,23,July,2020,July 2020,4,Paisa vasool,It's a good product.
Nancy Modi,24,July,2020,July 2020,5,Tasty and healthy,It is little costly.. Ordered for parents.
balakrishna,25,July,2020,July 2020,5,Superb,Superb
Aditi,26,July,2020,July 2020,1,Received bad food packet,"Weird pink coloration found in the food..normally this is not there.
Either it's stail food packet or expired."
Akhil,26,July,2020,July 2020,5,Excellent!,Excellent!
Ratna srivastava,26,July,2020,July 2020,4,Good,Good
preeti jha,27,July,2020,July 2020,5,tasty,Nice
Hazel j,29,July,2020,July 2020,5,Buy it,Very good! Goes perfectly well with honey.
Saikat Mandal,29,July,2020,July 2020,5,Good,Nice Product
T RAJA SEKHAR,29,July,2020,July 2020,4,Tasty,Good
Amazon Customer,1,August,2020,August 2020,5,Kellogg's cereals quality product,Value for money
Arti Gardas,4,August,2020,August 2020,5,I love this muesli ... Good taste,I love this muesli ... Good taste
Amrita Das,4,August,2020,August 2020,5,Healthy breakfast,Good product
Online product Reviewer,6,August,2020,August 2020,5,Tasty than regular cornflakes,Taste is better than regular cornflakes as its contain fruits & nuts ( actually not too much fruits & nuts !but substitute ) still its ok..
Sneha,6,August,2020,August 2020,5,Superb!,Value for money. And received package early then given date
Mahuya Mondal,7,August,2020,August 2020,5,Good,Good
B padhihari,7,August,2020,August 2020,4,Good product.,Likes it.
Amol Prakash Nikumbhe,9,August,2020,August 2020,5,Hard Rock,I want more üòòüòòüòò
Eabison,10,August,2020,August 2020,5,Customer,Yummy to eat. Just drop it in a bowl of milk and deliciously have it. Children just love it. Good fiber diet. Easy on the stomach and have appropriate nutritional value. No sugar needed.
ishwar singh,10,August,2020,August 2020,5,Good,Good
Dheeraj Kaul,10,August,2020,August 2020,1,Damaged product delivered with smelly product,Its packing is damaged and contents are emanating fowl smell. Need its replacement on urgent basis.
Shubhadeep Musib,12,August,2020,August 2020,3,Healthy but Not so good ( quality and composition wise ),"Cornflakes quantity is maximum ( it's not desirable in muesli).
Overall satisfaction : Not so good

Please note below points:
1. Cornflakes quantity is maximum
2. Dry fruits quantity is minimum
3. Dry fruits size is also small"
Samita Bhattacharya,12,August,2020,August 2020,5,Nutritious,Good taste and is wholesome with fruits n nuts
Saddam,13,August,2020,August 2020,5,Very good taste,Good and thanks amozon pantry
Nirbhay,14,August,2020,August 2020,5,Tasty and crunchy,"Value for money.
Packaging was excellent.
Easy to use.
Flavour is good.
Taste is excellent"
Tulika Raj,15,August,2020,August 2020,1,Worst ever shopping from amazon,"It says 21% fruits and nuts, i cant find even 2%. May be 21% were had the fruits were not dehydrated... sad part...cant even return... no taste, no flavour even."
Bharti,15,August,2020,August 2020,3,Good,It is good enough for breakfast.
siddhant jain,16,August,2020,August 2020,1,Item replaced,"Raisins is there..no nuts n no cherrys..
Appearance also mix.. not propr cutting!"
Syed Mohd Mohtashim,16,August,2020,August 2020,5,Go for it,Delicious
Amazon Customer,17,August,2020,August 2020,4,Good,Good
Rushi kankhare,17,August,2020,August 2020,5,Nice,Nice
ss,18,August,2020,August 2020,4,Item is good but seal was broken,Item is good but seal was broken
Tushar Jadhav,18,August,2020,August 2020,3,Not good taste,Not tasty at all .comes tooty fruity in every bytes which is very annoying.
raji,18,August,2020,August 2020,5,Nice,Value for money and nicely packed
Krstysj,18,August,2020,August 2020,5,Good healthy mix,It is good and heavy with a glass of milk
Shivam Prakash,18,August,2020,August 2020,5,Must include in diet,Flavour and texture is good
Gaddam pulla rao,19,August,2020,August 2020,5,Great breakfast with great taste,This product healthy treat of breakfast and give a great breakfast packed with vitamins and minerals and antioxidants sources of fruits and nuts with goodnes of five grains given you bunch of energy in morning.it comes with great packaging.ü§© tastes better with cold milk.
Amazon Customer,19,August,2020,August 2020,4,Disappointed,I got damage product and also taken delivery charges more
Rahul,19,August,2020,August 2020,5,Best service,Delivery and packaging is tooo good....beyond expectations....i really appreciate...tq
Kindle Customer,19,August,2020,August 2020,4,Worth it,Good product
Bhaskar Prasad,21,August,2020,August 2020,5,Tasty and crispy muesli,"I liked the taste and crispness, particularly that of added fruit pieces. Moreover it is at low cost."
Poojha,21,August,2020,August 2020,5,Go for it,Worth every penny ..perfectly packed..update mfg date n no spills ..the name kellogs says it all..
Sapth,23,August,2020,August 2020,1,Worst packaging ever...,Product is good but the product was sent with out any packaging
Akash Gupta,23,August,2020,August 2020,3,Okay okay,The favour was very bland. Packaging was okay but very rough texture. It seems nutritious because dry fruits are present but they should work on flavour. Can't comment on value for money
liza,24,August,2020,August 2020,5,Taste of fruits is great,"Very good taste of fruit, go for it"
Vibishika,24,August,2020,August 2020,5,good,"Package and delivery good. No damage.

Tastes good. Good breakfast option"
Pranav,25,August,2020,August 2020,5,Good taste,üëçüëçüëç
Sudhanshu Gupta,25,August,2020,August 2020,5,Niceproduct,Packaging isgoodand taste is amazing
Isheeta,26,August,2020,August 2020,5,Dried fruits are awesome!,loved it !! Great taste and the dried fruits add up!!
Sagar Pradeep,27,August,2020,August 2020,4,Good one,Good one if you like Muesli. Needed some extra fruits for me.
dg_kumararaja,27,August,2020,August 2020,5,Nice one,Nice one
Akash Dhal,28,August,2020,August 2020,5,Very good...,"Flavor, packaging....five star..."
Saswati Mandal,29,August,2020,August 2020,5,Delicious,My mom loves it !
Anchal kumari,30,August,2020,August 2020,5,Good,It's very good
Amazon Customer,1,September,2020,September 2020,5,thanks amazon,very tasty and healthy breakfast
Joel,1,September,2020,September 2020,5,Ossum,Very good and excellent.no words
Arti,2,September,2020,September 2020,5,Product,Good
Indulekha Hazra,2,September,2020,September 2020,5,Nice,Love it!
Sai Charan,2,September,2020,September 2020,1,Double bar code reason,Y double bar coding...
Ranjana Sharma,3,September,2020,September 2020,1,pathetic,Full with corn flakes. Hardly any muesli. Pathetic
Hannah,3,September,2020,September 2020,5,So good üíØ,Totally worth the purchase
Alok nigam,5,September,2020,September 2020,5,Nice packaging,It's nice how I saw I got that only its taste also nice and its have almonds kismis and some red colour sweet thing and corn flakes and and one more thing also
Nivedita MK,6,September,2020,September 2020,5,Favorite,Loved it
G.Prem,6,September,2020,September 2020,5,Quickly buy it,100rs discount.
HOPEDWELL,6,September,2020,September 2020,5,Good,Good
Sunaina,7,September,2020,September 2020,5,satisfied,Already half way through...... so delicious
Mamta jani,7,September,2020,September 2020,5,muesli,so yummy n healthy but I received my parcel opened this time .. m always love to shopping with amazon ‚ú®amazing service ‚ú®
M.Shailaja,7,September,2020,September 2020,3,ok,"flvour, packaging was good, but it was broken into a very small pieces"
SRay,8,September,2020,September 2020,4,"Good product, but...","Good product, but expensive."
Anindita C.,9,September,2020,September 2020,4,Good,Happy... üòÅ
Amazon Customer,10,September,2020,September 2020,5,good quick breakfast,"sometimes in hurry, good quick option to eat. Provided you are not all time spicy lover."
Tanya,10,September,2020,September 2020,5,Best museli,Amazing product. Fresh and crispy museli. Must buy
Faheem.F,10,September,2020,September 2020,4,Good,Good
RAMA GOPAL,10,September,2020,September 2020,4,Tasted,Very Tasty üòã product
Ram,11,September,2020,September 2020,2,Not worth,"Not that great product. I personally feel that it's not worth the money.

Amazon Delivery is fine.

21% fruit and nut is a epic marketing strategy."
Irfan,12,September,2020,September 2020,2,So much sugar,"In 1 bowl of muesli, I got this much flavoured sugar chunks so called fruit in fruit muesli.
If we are consuming this for health there's no meaning of adding this much sugar.
Better buy sugar free muesli."
